{"schemaVersion":"1.0","appDefinitionTemplate":{"id":"/providers/Microsoft.PowerApps/apps/","type":"Microsoft.PowerApps/apps","tags":{"primaryDeviceWidth":"640","primaryDeviceHeight":"1136","sienaVersion":"20220907T182702Z-3.22085.14.0","deviceCapabilities":"","supportsPortrait":"true","supportsLandscape":"false","primaryFormFactor":"Phone","publisherVersion":"3.22085.14","minimumRequiredApiVersion":"2.2.0","hasComponent":"false","hasUnlockedComponent":"false","isUnifiedRootApp":"false"},"properties":{"appVersion":"2022-09-07T18:27:02Z","lifeCycleId":"Published","createdByClientVersion":{"major":3,"minor":22085,"build":14,"revision":0,"majorRevision":0,"minorRevision":0},"minClientVersion":{"major":3,"minor":22085,"build":14,"revision":0,"majorRevision":0,"minorRevision":0},"backgroundColor":"rgba(44, 125, 154, 1)","backgroundImageUri":"/12448446681998345874/Nff69c307-4775-433a-a79a-382f5d6b1e42-logoSmallFile","displayName":"Flexi Desk","description":"","commitMessage":"","appUris":{"documentUri":{"value":"/12448446681998345874/N2e1dab29-9287-4611-802b-99a28030e3f2-document.msapp"},"imageUris":[],"additionalUris":[]},"createdTime":"0001-01-01T00:00:00Z","lastModifiedTime":"0001-01-01T00:00:00Z","sharedGroupsCount":0,"sharedUsersCount":0,"icons":{"smallIconUri":"/12448446681998345874/Ne32aa80d-f33f-47a2-a331-7e5ee8a0bb1b-small.png","mediumIconUri":"/12448446681998345874/N96220a54-729f-41ad-9e53-efae08bcb77b-medium.png","largeIconUri":"/12448446681998345874/Nd1023dc8-a25f-47fe-892b-ac842421bbc1-large.png","wideIconUri":"/12448446681998345874/N8f16d626-e188-462f-a176-956ed70ccc42-wide.png"},"connectionReferences":{"be022915-35b8-4c61-8505-319f7603c632":{"id":"3b0da8bb-8461-40c0-a93e-4749556a52aa","displayName":"Office 365 Users","iconUri":"https://connectoricons-prod.azureedge.net/releases/v1.0.1593/1.0.1593.2980/office365users/icon.png","dataSources":["Office365Users"],"dependencies":[],"dependents":[],"parameterHints":{},"parameterHintsV2":{},"isOnPremiseConnection":false,"bypassConsent":false,"dataSets":{},"apiTier":"Standard","isCustomApiConnection":false,"actions":["MyProfileV2","UserPhotoV2"]},"aa08c353-ef9a-4b91-8691-96f395717f46":{"id":"e6882cb3-78b8-494b-ae07-3fc324d60a02","displayName":"Office 365 Outlook","iconUri":"https://connectoricons-prod.azureedge.net/releases/v1.0.1596/1.0.1596.2995/office365/icon.png","dataSources":["Office365Outlook"],"dependencies":[],"dependents":[],"parameterHints":{},"parameterHintsV2":{},"isOnPremiseConnection":false,"bypassConsent":false,"dataSets":{},"apiTier":"Standard","isCustomApiConnection":false,"actions":["CalendarGetTables","V4CalendarPostItem"]}},"databaseReferences":{"default.cds":{"databaseDetails":{"referenceType":"Environmental","environmentName":"default.cds","overrideValues":{"status":"NotSpecified"}},"dataSources":{"Building Floors":{"entitySetName":"wr_buildingfloors","logicalName":"wr_buildingfloor"},"Building Floor Zones":{"entitySetName":"wr_buildingfloorzones","logicalName":"wr_buildingfloorzone"},"Application Users":{"entitySetName":"wr_applicationusers","logicalName":"wr_applicationuser"},"Users":{"entitySetName":"systemusers","logicalName":"systemuser"},"Reservations":{"entitySetName":"wr_reservations","logicalName":"wr_reservation"},"Building Floor Team Areas":{"entitySetName":"wr_buildingfloorteamareases","logicalName":"wr_buildingfloorteamareas"},"Workspaces":{"entitySetName":"wr_workspaces","logicalName":"wr_workspace"},"Team Area Reservations":{"entitySetName":"wr_teamareareservations","logicalName":"wr_teamareareservation"},"Team Areas":{"entitySetName":"wr_teamareas","logicalName":"wr_teamarea"},"Administrative Groups":{"entitySetName":"wr_administrativegroups","logicalName":"wr_administrativegroup"},"Duplicate Records":{"entitySetName":"duplicaterecords","logicalName":"duplicaterecord"},"Buildings":{"entitySetName":"wr_buildings","logicalName":"wr_building"}},"actions":["providers/PowerPlatform.Governance/Operations/Read"]}},"almMode":"Environment","performanceOptimizationEnabled":true,"canConsumeAppPass":true,"enableModernRuntimeMode":false,"executionRestrictions":{"isTeamsOnly":false,"dataLossPreventionEvaluationResult":{"status":"Compliant","lastEvaluationDate":"2022-09-03T10:54:34.9371446Z","violations":[],"violationsByPolicy":[],"violationErrorMessage":"The app uses the following connectors: shared_office365users, shared_office365, shared_commondataservice."}}},"appType":"ClassicCanvasApp","appComponents":[]}}