{"schemaVersion":"1.0","appDefinitionTemplate":{"id":"/providers/Microsoft.PowerApps/apps/","type":"Microsoft.PowerApps/apps","tags":{"primaryDeviceWidth":"640","primaryDeviceHeight":"1136","sienaVersion":"20220113T092543Z-3.21123.25.0","deviceCapabilities":"","supportsPortrait":"true","supportsLandscape":"false","primaryFormFactor":"Phone","publisherVersion":"3.21123.25","minimumRequiredApiVersion":"2.2.0","hasComponent":"false","hasUnlockedComponent":"false","isUnifiedRootApp":"false"},"properties":{"appVersion":"2022-01-13T09:25:43Z","lifeCycleId":"Published","createdByClientVersion":{"major":3,"minor":21123,"build":25,"revision":0,"majorRevision":0,"minorRevision":0},"minClientVersion":{"major":3,"minor":21123,"build":25,"revision":0,"majorRevision":0,"minorRevision":0},"backgroundColor":"rgba(44, 125, 154, 1)","backgroundImageUri":"/4553299089374683266/N400233b1-f6ba-40e8-9213-25104627a9fa-logoSmallFile","displayName":"Flexi Desk V0-10 Pre-prod","description":"","commitMessage":"","appUris":{"documentUri":{"value":"/4553299089374683266/N8c99f4dd-275c-4c51-bd8f-e998e9f0ac59-document.msapp"},"imageUris":[]},"createdTime":"0001-01-01T00:00:00Z","lastModifiedTime":"0001-01-01T00:00:00Z","sharedGroupsCount":0,"sharedUsersCount":0,"icons":{"smallIconUri":"/4553299089374683266/Na4735971-bb8e-46f8-a6b4-efc1f2c706ae-small.png","mediumIconUri":"/4553299089374683266/N1c6b0954-93ef-4d48-952e-d7afb2e03e62-medium.png","largeIconUri":"/4553299089374683266/N22d5aa67-d379-45d0-a23f-2f66eec8e09d-large.png","wideIconUri":"/4553299089374683266/N87f6aed4-aeac-4f35-b226-0c884475ffac-wide.png"},"connectionReferences":{"be022915-35b8-4c61-8505-319f7603c632":{"id":"5b7fcc14-ca61-4b44-a276-8c902bc81b1d","displayName":"Office 365 Users","iconUri":"https://connectoricons-prod.azureedge.net/releases/v1.0.1542/1.0.1542.2635/office365users/icon.png","dataSources":["Office365Users"],"dependencies":[],"dependents":[],"parameterHints":{},"parameterHintsV2":{},"isOnPremiseConnection":false,"bypassConsent":false,"dataSets":{},"apiTier":"Standard","isCustomApiConnection":false,"actions":["MyProfileV2","UserPhotoV2"]},"aa08c353-ef9a-4b91-8691-96f395717f46":{"id":"1a633619-6138-4246-96a7-fb4cd6b671d5","displayName":"Office 365 Outlook","iconUri":"https://connectoricons-prod.azureedge.net/releases/v1.0.1538/1.0.1538.2621/office365/icon.png","dataSources":["Office365Outlook"],"dependencies":[],"dependents":[],"parameterHints":{},"parameterHintsV2":{},"isOnPremiseConnection":false,"bypassConsent":false,"dataSets":{},"apiTier":"Standard","isCustomApiConnection":false,"actions":["CalendarGetTables","V4CalendarPostItem"]}},"databaseReferences":{"default.cds":{"databaseDetails":{"referenceType":"Environmental","environmentName":"default.cds","overrideValues":{"status":"NotSpecified"}},"dataSources":{"Buidings":{"entitySetName":"wr_buidings","logicalName":"wr_buiding"},"Building Floors":{"entitySetName":"wr_buildingfloors","logicalName":"wr_buildingfloor"},"Building Floor Zones":{"entitySetName":"wr_buildingfloorzones","logicalName":"wr_buildingfloorzone"},"Application Users":{"entitySetName":"wr_applicationusers","logicalName":"wr_applicationuser"},"Users":{"entitySetName":"systemusers","logicalName":"systemuser"},"Reservations":{"entitySetName":"wr_reservations","logicalName":"wr_reservation"},"Building Floor Team Areas":{"entitySetName":"wr_buildingfloorteamareases","logicalName":"wr_buildingfloorteamareas"},"Workspaces":{"entitySetName":"wr_workspaces","logicalName":"wr_workspace"},"Team Area Reservations":{"entitySetName":"wr_teamareareservations","logicalName":"wr_teamareareservation"},"Team Areas":{"entitySetName":"wr_teamareas","logicalName":"wr_teamarea"},"Administrative Groups":{"entitySetName":"wr_administrativegroups","logicalName":"wr_administrativegroup"}},"actions":["providers/PowerPlatform.Governance/Operations/Read"]}},"almMode":"Environment","performanceOptimizationEnabled":true,"canConsumeAppPass":true,"executionRestrictions":{"isTeamsOnly":false,"dataLossPreventionEvaluationResult":{"status":"Compliant","lastEvaluationDate":"2022-01-13T09:02:59.9558951Z","violations":[],"violationsByPolicy":[],"violationErrorMessage":"The app uses the following connectors: shared_office365users, shared_office365, shared_commondataservice."}}},"appType":"ClassicCanvasApp","appComponents":[]}}