{"schemaVersion":"1.0","appDefinitionTemplate":{"id":"/providers/Microsoft.PowerApps/apps/","type":"Microsoft.PowerApps/apps","tags":{"primaryDeviceWidth":"640","primaryDeviceHeight":"1136","sienaVersion":"20220330T155317Z-3.22022.23.0","deviceCapabilities":"","supportsPortrait":"true","supportsLandscape":"false","primaryFormFactor":"Phone","publisherVersion":"3.22022.23","minimumRequiredApiVersion":"2.2.0","hasComponent":"false","hasUnlockedComponent":"false","isUnifiedRootApp":"false"},"properties":{"appVersion":"2022-03-30T15:53:17Z","lifeCycleId":"Published","createdByClientVersion":{"major":3,"minor":22022,"build":23,"revision":0,"majorRevision":0,"minorRevision":0},"minClientVersion":{"major":3,"minor":22022,"build":23,"revision":0,"majorRevision":0,"minorRevision":0},"backgroundColor":"rgba(44, 125, 154, 1)","backgroundImageUri":"/12872529877911216824/N2938567e-e68a-4509-8b23-3e1fd9164833-logoSmallFile","displayName":"Flexi Desk Prod","description":"","commitMessage":"","appUris":{"documentUri":{"value":"/12872529877911216824/N6442d121-fcf5-4845-846a-677277caa169-document.msapp"},"imageUris":[]},"createdTime":"0001-01-01T00:00:00Z","lastModifiedTime":"0001-01-01T00:00:00Z","sharedGroupsCount":0,"sharedUsersCount":0,"icons":{"smallIconUri":"/12872529877911216824/N2bd16bff-2209-4563-bef9-316618ab285d-small.png","mediumIconUri":"/12872529877911216824/N1e45bf45-40cf-450f-b7bb-26adc9e8c50d-medium.png","largeIconUri":"/12872529877911216824/N66d6b51a-1400-40bb-90cc-92003d443c61-large.png","wideIconUri":"/12872529877911216824/Ne0bcbe99-b997-454c-8bee-78bbdc1937ed-wide.png"},"connectionReferences":{"be022915-35b8-4c61-8505-319f7603c632":{"id":"cf0f6d00-b85c-451f-84e9-d93f30a34979","displayName":"Office 365 Users","iconUri":"https://connectoricons-prod.azureedge.net/releases/v1.0.1563/1.0.1563.2732/office365users/icon.png","dataSources":["Office365Users"],"dependencies":[],"dependents":[],"parameterHints":{},"parameterHintsV2":{},"isOnPremiseConnection":false,"bypassConsent":false,"dataSets":{},"apiTier":"Standard","isCustomApiConnection":false,"actions":["MyProfileV2","UserPhotoV2"]},"aa08c353-ef9a-4b91-8691-96f395717f46":{"id":"10078f37-15a1-447e-b21e-2328074c9285","displayName":"Office 365 Outlook","iconUri":"https://connectoricons-prod.azureedge.net/releases/v1.0.1566/1.0.1566.2741/office365/icon.png","dataSources":["Office365Outlook"],"dependencies":[],"dependents":[],"parameterHints":{},"parameterHintsV2":{},"isOnPremiseConnection":false,"bypassConsent":false,"dataSets":{},"apiTier":"Standard","isCustomApiConnection":false,"actions":["CalendarGetTables","V4CalendarPostItem"]}},"databaseReferences":{"default.cds":{"databaseDetails":{"referenceType":"Environmental","environmentName":"default.cds","overrideValues":{"status":"NotSpecified"}},"dataSources":{"Building Floors":{"entitySetName":"wr_buildingfloors","logicalName":"wr_buildingfloor"},"Building Floor Zones":{"entitySetName":"wr_buildingfloorzones","logicalName":"wr_buildingfloorzone"},"Application Users":{"entitySetName":"wr_applicationusers","logicalName":"wr_applicationuser"},"Users":{"entitySetName":"systemusers","logicalName":"systemuser"},"Reservations":{"entitySetName":"wr_reservations","logicalName":"wr_reservation"},"Building Floor Team Areas":{"entitySetName":"wr_buildingfloorteamareases","logicalName":"wr_buildingfloorteamareas"},"Workspaces":{"entitySetName":"wr_workspaces","logicalName":"wr_workspace"},"Team Area Reservations":{"entitySetName":"wr_teamareareservations","logicalName":"wr_teamareareservation"},"Team Areas":{"entitySetName":"wr_teamareas","logicalName":"wr_teamarea"},"Administrative Groups":{"entitySetName":"wr_administrativegroups","logicalName":"wr_administrativegroup"},"Duplicate Records":{"entitySetName":"duplicaterecords","logicalName":"duplicaterecord"},"Buildings":{"entitySetName":"wr_buildings","logicalName":"wr_building"}},"actions":["providers/PowerPlatform.Governance/Operations/Read"]}},"almMode":"Environment","performanceOptimizationEnabled":true,"canConsumeAppPass":true,"executionRestrictions":{"isTeamsOnly":false,"dataLossPreventionEvaluationResult":{"status":"Compliant","lastEvaluationDate":"2022-03-18T19:06:51.3473285Z","violations":[],"violationsByPolicy":[],"violationErrorMessage":"The app uses the following connectors: shared_office365users, shared_office365, shared_commondataservice."}}},"appType":"ClassicCanvasApp","appComponents":[]}}