{"schemaVersion":"1.0","appDefinitionTemplate":{"id":"/providers/Microsoft.PowerApps/apps/","type":"Microsoft.PowerApps/apps","tags":{"primaryDeviceWidth":"640","primaryDeviceHeight":"1136","sienaVersion":"20220624T174515Z-3.22062.5.0","deviceCapabilities":"","supportsPortrait":"true","supportsLandscape":"false","primaryFormFactor":"Phone","publisherVersion":"3.22062.5","minimumRequiredApiVersion":"2.2.0","hasComponent":"false","hasUnlockedComponent":"false","isUnifiedRootApp":"false"},"properties":{"appVersion":"2022-06-24T17:45:15Z","lifeCycleId":"Published","createdByClientVersion":{"major":3,"minor":22062,"build":5,"revision":0,"majorRevision":0,"minorRevision":0},"minClientVersion":{"major":3,"minor":22062,"build":5,"revision":0,"majorRevision":0,"minorRevision":0},"backgroundColor":"rgba(44, 125, 154, 1)","backgroundImageUri":"/12448446681998345874/N8377d511-4b51-407c-b849-2463f56c1c51-logoSmallFile","displayName":"Flexi Desk","description":"","commitMessage":"","appUris":{"documentUri":{"value":"/12448446681998345874/N12f1e6be-a7ec-44d9-a8d9-891915235afa-document.msapp"},"imageUris":[]},"createdTime":"0001-01-01T00:00:00Z","lastModifiedTime":"0001-01-01T00:00:00Z","sharedGroupsCount":0,"sharedUsersCount":0,"icons":{"smallIconUri":"/12448446681998345874/Nc9771de8-b755-4d3d-81b2-516d4939b683-small.png","mediumIconUri":"/12448446681998345874/N97808373-7672-426d-8f89-145792a83160-medium.png","largeIconUri":"/12448446681998345874/Nbe53d132-3c3b-4ee1-bc1d-bdb280c34fc5-large.png","wideIconUri":"/12448446681998345874/N7a1debe9-fdde-4f95-bdb9-7ed52b3b2524-wide.png"},"connectionReferences":{"be022915-35b8-4c61-8505-319f7603c632":{"id":"3b0da8bb-8461-40c0-a93e-4749556a52aa","displayName":"Office 365 Users","iconUri":"https://connectoricons-prod.azureedge.net/releases/v1.0.1573/1.0.1573.2770/office365users/icon.png","dataSources":["Office365Users"],"dependencies":[],"dependents":[],"parameterHints":{},"parameterHintsV2":{},"isOnPremiseConnection":false,"bypassConsent":false,"dataSets":{},"apiTier":"Standard","isCustomApiConnection":false,"actions":["MyProfileV2","UserPhotoV2"]},"aa08c353-ef9a-4b91-8691-96f395717f46":{"id":"e6882cb3-78b8-494b-ae07-3fc324d60a02","displayName":"Office 365 Outlook","iconUri":"https://connectoricons-prod.azureedge.net/releases/v1.0.1580/1.0.1580.2838/office365/icon.png","dataSources":["Office365Outlook"],"dependencies":[],"dependents":[],"parameterHints":{},"parameterHintsV2":{},"isOnPremiseConnection":false,"bypassConsent":false,"dataSets":{},"apiTier":"Standard","isCustomApiConnection":false,"actions":["CalendarGetTables","V4CalendarPostItem"]}},"databaseReferences":{"default.cds":{"databaseDetails":{"referenceType":"Environmental","environmentName":"default.cds","overrideValues":{"status":"NotSpecified"}},"dataSources":{"Building Floors":{"entitySetName":"wr_buildingfloors","logicalName":"wr_buildingfloor"},"Building Floor Zones":{"entitySetName":"wr_buildingfloorzones","logicalName":"wr_buildingfloorzone"},"Application Users":{"entitySetName":"wr_applicationusers","logicalName":"wr_applicationuser"},"Users":{"entitySetName":"systemusers","logicalName":"systemuser"},"Reservations":{"entitySetName":"wr_reservations","logicalName":"wr_reservation"},"Building Floor Team Areas":{"entitySetName":"wr_buildingfloorteamareases","logicalName":"wr_buildingfloorteamareas"},"Workspaces":{"entitySetName":"wr_workspaces","logicalName":"wr_workspace"},"Team Area Reservations":{"entitySetName":"wr_teamareareservations","logicalName":"wr_teamareareservation"},"Team Areas":{"entitySetName":"wr_teamareas","logicalName":"wr_teamarea"},"Administrative Groups":{"entitySetName":"wr_administrativegroups","logicalName":"wr_administrativegroup"},"Duplicate Records":{"entitySetName":"duplicaterecords","logicalName":"duplicaterecord"},"Buildings":{"entitySetName":"wr_buildings","logicalName":"wr_building"}},"actions":["providers/PowerPlatform.Governance/Operations/Read"]}},"almMode":"Environment","performanceOptimizationEnabled":true,"canConsumeAppPass":true,"executionRestrictions":{"isTeamsOnly":false,"dataLossPreventionEvaluationResult":{"status":"Compliant","lastEvaluationDate":"2022-03-18T19:06:51.3473285Z","violations":[],"violationsByPolicy":[],"violationErrorMessage":"The app uses the following connectors: shared_office365users, shared_office365, shared_commondataservice."}}},"appType":"ClassicCanvasApp","appComponents":[]}}